county_fips,county_name,provider_id,provider_name,avg_down,avg_up,locations,underserved_locations,locations_below100
21001,Adair,130077,AT&T,31.88685958254269,3.38780834914611,4216,4084,3625
21001,Adair,130403,T-Mobile,22.74958228905597,3.760860484544695,4788,4171,4171
21001,Adair,130423,DuoBroadband,611.1312849162011,440.8477653631285,7160,0,0
21001,Adair,131216,South Central Rural Telecommunications Cooperative,892.1739130434783,891.3913043478261,46,5,5
21001,Adair,131413,"Windstream Kentucky East, LLC",577.3156923076923,539.0254769230769,8125,3798,3479
21001,Adair,131425,Verizon,154.88379925900978,12.272819131020546,2969,1693,1693
21003,Allen,130077,AT&T,22.555414819506016,2.935402153261558,1579,1525,1525
21003,Allen,130403,T-Mobile,20.32696474295844,3.862123301162104,5077,4174,4174
21003,Allen,130929,North Central Communications,1000.0,1000.0,1937,0,0
21003,Allen,130929,North Central Telephone Cooperative,1000.0,1000.0,8212,0,0
21003,Allen,131216,South Central Rural Telecommunications Cooperative,232.9255319148936,224.91489361702128,94,73,73
21003,Allen,131310,UNITED STATES CELLULAR CORPORATION,10.0,1.0,1,1,1
21003,Allen,131413,"Windstream Kentucky East, LLC",982.6089743589744,959.6051282051282,3120,928,776
21003,Allen,131425,Verizon,198.6533586818758,14.947401774397973,3156,1229,1229
21003,Allen,390124,"Tri-County Fiber Communications, LLC",1000.0,1000.0,4,0,0
21005,Anderson,130077,AT&T,2059.150459077895,2056.175436864449,10129,5648,5555
21005,Anderson,130235,Spectrum,1000.0,997.6373165618448,7155,0,0
21005,Anderson,130403,T-Mobile,10.928891736066625,1.7317104420243434,7805,7395,7395
21005,Anderson,260025,kywimax,25.0,5.0,309,309,309
21005,Anderson,300170,All Points Broadband,10.002811094452774,1.000374812593703,5336,5336,5336
21005,Anderson,510052,MN FWA Buyer,0.0,0.0,1,1,1
21007,Ballard,130077,AT&T,22.89855072463768,2.891304347826087,138,135,135
21007,Ballard,130094,Ballard Rural Telephone Cooperative Corporation Inc,1000.0,1000.0,4332,0,0
21007,Ballard,130317,Xfinity,1200.0,35.0,378,0,0
21007,Ballard,130403,T-Mobile,18.48864994026284,3.4707287933094384,1674,1412,1412
21007,Ballard,130982,ZAYO GROUP LLC,10000.0,10000.0,1,0,0
21007,Ballard,131425,Verizon,185.0564468211527,14.369578134284016,1683,739,739
21007,Ballard,160157,Zito Media,1000.0,426.5959772627897,2287,0,0
21007,Ballard,390044,Gibson Connect,1000.0,1000.0,1,0,0
21009,Barren,130077,AT&T,30.815860215053764,2.8911290322580645,3720,3713,3238
21009,Barren,130317,Xfinity,1200.0,35.0,1759,0,0
21009,Barren,130403,T-Mobile,30.21373332200221,5.377666355060764,11767,9190,9190
21009,Barren,130446,Glasgow EPB,764.0015400410678,669.6021560574949,7792,0,0
21009,Barren,130804,Mediacom Xtream,1000.0,50.0,456,0,0
21009,Barren,131216,South Central Rural Telecommunications Cooperative,934.1519174041298,933.3307716193136,12882,861,861
21009,Barren,131216,South Central Telcom LLC,863.0901922129127,861.7304090685067,4058,562,562
21009,Barren,131413,"Windstream Communications, LLC.",12.5,1.5,2,2,2
21009,Barren,131413,"Windstream Kentucky East, LLC",1144.083853083853,1130.341094941095,7215,2412,2185
21009,Barren,131425,Verizon,236.40752964185307,17.354113189096687,8181,1889,1889
21011,Bath,130077,AT&T,15.96045197740113,1.8305084745762712,531,530,530
21011,Bath,130235,Spectrum,1000.0,977.6898833911124,3173,0,0
21011,Bath,130403,T-Mobile,36.17946194225722,6.6932414698162725,3048,2152,2152
21011,Bath,130865,Mountain Rural Telephone Coop Corp. Inc,2000.0,2000.0,360,0,0
21011,Bath,131413,"Windstream Communications, LLC.",0.0,0.0,1,1,1
21011,Bath,131413,"Windstream Kentucky East, LLC",892.2895622895622,869.4191919191919,7722,3085,2828
21011,Bath,131425,Verizon,50.0,6.0,577,577,577
21011,Bath,400028,KyWiFi,25.0,15.0,27,27,27
21013,Bell,130077,AT&T,828.6570696115165,824.0250443699467,5071,4211,4211
21013,Bell,130235,Spectrum,1000.0,993.3746543339372,10487,0,0
21013,Bell,130403,T-Mobile,23.619409741082745,4.5435451747238815,5523,4343,4343
21013,Bell,131413,"Windstream Kentucky East, LLC",0.0,0.0,1,1,1
21013,Bell,131425,Verizon,195.6550362080316,14.387755102040815,3038,1250,1250
21013,Bell,160157,Zito Media,1000.0,25.0,2,0,0
21015,Boone,130077,AT&T,31.168928657218352,3.4731263511890464,33304,31866,28898
21015,Boone,130235,Spectrum,1000.0,999.1497711726784,40642,0,0
21015,Boone,130254,altafiber Network Solutions,1449.7490071677644,602.1640836884928,82592,1574,1574
21015,Boone,130316,Mobilcomm  Inc dba Heavenwire.net,30.0,4.0,2,2,2
21015,Boone,130317,Xfinity,100.0,100.0,1,0,0
21015,Boone,130403,T-Mobile,39.08392032113913,7.1540558963871845,26406,18273,18273
21015,Boone,131425,Verizon,206.22018578960584,15.459201606829025,15932,5686,5686
21015,Boone,300103,NetFortris,500.0,500.0,1,0,0
21015,Boone,410115,BROADLINC,27.599715099715095,3.3376068376068377,702,701,701
21017,Bourbon,130077,AT&T,1947.901451576321,1941.761397142209,8818,5174,4983
21017,Bourbon,130235,Spectrum,1000.0,998.8355845365628,6441,0,0
21017,Bourbon,130317,Xfinity,200.0,200.0,2,0,0
21017,Bourbon,130403,T-Mobile,27.870934959349597,4.939169570267131,6888,5515,5515
21017,Bourbon,131413,"Windstream Communications, LLC.",6.666666666666667,0.6666666666666666,3,3,3
21017,Bourbon,131413,"Windstream Kentucky East, LLC",43.70786516853933,10.749063670411983,267,199,177
21017,Bourbon,131425,Verizon,228.06215722120655,16.61112562026639,3829,1039,1039
21017,Bourbon,300170,All Points Broadband,10.025152712899748,1.0197628458498025,2783,2783,2783
21017,Bourbon,400028,KyWiFi,25.0,15.0,9,9,9
21017,Bourbon,510052,MN FWA Buyer,59.0,49.24,25,18,18
21019,Boyd,130071,ArmstrongUtilitiesInc,1000.0,24.39243027888446,6024,0,0
21019,Boyd,130077,AT&T,24.240058228015616,2.4355852577251373,15113,15088,13938
21019,Boyd,130235,Spectrum,1000.0,36.054339327599685,12790,0,0
21019,Boyd,130317,Xfinity,144.0,144.0,5,3,3
21019,Boyd,130370,Optimum,500.0,20.0,108,0,0
21019,Boyd,130403,T-Mobile,44.09806295399516,8.27823671841618,14042,8800,8800
21019,Boyd,130507,Foothills Communications,1000.0,1000.0,779,0,0
21019,Boyd,131413,"Windstream Kentucky East, LLC",1081.3853918355185,1056.5213423718712,26848,7083,6231
21019,Boyd,131425,Verizon,248.5417211613916,18.132356787862932,7646,1375,1375
21021,Boyle,130077,AT&T,2044.515755329008,2034.9256586786707,15106,8683,8132
21021,Boyle,130235,Spectrum,1000.0,998.7404190086868,9785,0,0
21021,Boyle,130403,T-Mobile,22.204837169831336,3.791556168452318,9427,8099,8099
21021,Boyle,131413,"Windstream Kentucky East, LLC",2.0,0.2,5,5,5
21021,Boyle,131425,Verizon,195.49622437971956,15.03128371089536,3708,1466,1466
21021,Boyle,260025,kywimax,25.0,5.0,10847,10847,10847
21021,Boyle,300170,All Points Broadband,10.0,1.0,393,393,393
21021,Boyle,510052,MN FWA Buyer,0.0,0.0,1,1,1
21023,Bracken,130077,AT&T,15.598991172761664,1.8121059268600253,1586,1585,1585
21023,Bracken,130403,T-Mobile,47.22778891115564,8.908483633934535,2994,1781,1781
21023,Bracken,131249,Performance Broadband by Limestone Cable,500.0,50.0,1560,0,0
21023,Bracken,131413,"Windstream Kentucky East, LLC",260.82721893491123,228.07668639053256,4225,2377,2162
21023,Bracken,131425,Verizon,205.37172324881823,15.317576278470131,2327,844,844
21025,Breathitt,130077,AT&T,7.9025570145127855,0.8113337940566689,1447,1445,1445
21025,Breathitt,130235,Spectrum,1000.0,1000.0,34,0,0
21025,Breathitt,130403,T-Mobile,23.529411764705884,4.398692810457517,1224,983,983
21025,Breathitt,130507,Foothills Communications,1000.0,1000.0,17,0,0
21025,Breathitt,130865,Mountain Rural Telephone Coop Corp. Inc,2000.0,2000.0,6,0,0
21025,Breathitt,131029,Peoples Telecom,1000.0,1000.0,12,0,0
21025,Breathitt,131310,TDS Telecom,57.34251968503937,25.37992125984252,1524,1373,1203
21025,Breathitt,131328,T V Service Inc,1000.0,20.0,32,0,0
21025,Breathitt,131328,Thacker-Grigsby Telephone Co Inc,1000.0,1000.0,3784,0,0
21025,Breathitt,131413,"Windstream Kentucky East, LLC",10.0,1.0,2,2,2
21025,Breathitt,220078,Crystal Broadband Networks,430.0261096605744,84.83899042645778,1149,0,0
21027,Breckinridge,130077,AT&T,6.631384408602151,0.6713709677419355,2976,2975,2975
21027,Breckinridge,130116,W A T C H TV,8.043103448275861,0.8043103448275862,3480,3480,3480
21027,Breckinridge,130150,Brandenburg Telecom LLC,987.624678172976,987.437017259464,10487,132,132
21027,Breckinridge,130403,T-Mobile,27.79692082111437,5.036510263929618,6820,5370,5370
21027,Breckinridge,130804,Mediacom Xtream,1000.0,50.0,1163,0,0
21027,Breckinridge,131413,"Windstream Kentucky East, LLC",404.11764705882354,348.5882352941176,34,8,8
21027,Breckinridge,131425,Verizon,130.88677354709418,11.080661322645293,3992,2644,2644
21027,Breckinridge,430114,Conexon Connect LLC,2000.0,2000.0,2,0,0
21029,Bullitt,130077,AT&T,37.83781812878291,9.84372493254576,13713,13384,11853
21029,Bullitt,130235,Spectrum,1000.0,997.6907758216748,29878,0,0
21029,Bullitt,130403,T-Mobile,24.990437942245173,4.463377318799005,20916,17087,17087
21029,Bullitt,131413,"Windstream Kentucky East, LLC",17.5,2.0,2,2,2
21029,Bullitt,131413,"Windstream Kentucky West, LLC",849.7503972958656,822.0455061423202,39643,12083,10339
21029,Bullitt,131425,Verizon,217.04534080672605,15.9962966670003,9991,3154,3154
21029,Bullitt,230022,BluegrassNet,100.0,100.0,145,0,0
21029,Bullitt,400009,Bardstown Connect,512.0,10.0,10,10,0
21029,Bullitt,410115,BROADLINC,200.0,20.0,1068,0,0
21031,Butler,130077,AT&T,12.978007181328543,1.0843806104129263,2228,2225,2092
21031,Butler,130235,Spectrum,1000.0,520.9513612725605,3269,0,0
21031,Butler,130403,T-Mobile,45.515342250196696,8.678206136900078,2542,1520,1520
21031,Butler,130754,LTC Connect,4881.726862302483,976.321670428894,886,21,21
21031,Butler,130804,Mediacom Xtream,1000.0,50.0,1149,0,0
21031,Butler,130929,North Central Communications,1000.0,1000.0,4179,0,0
21031,Butler,131413,"Windstream Kentucky East, LLC",60.30612244897959,15.510204081632653,147,91,80
21031,Butler,131425,Verizon,177.56410256410257,13.775847808105873,2418,1145,1145
21033,Caldwell,130077,AT&T,7.538713519952353,0.7766527695056581,3358,3352,3351
21033,Caldwell,130116,W A T C H TV,95.75892857142856,19.151785714285715,448,19,19
21033,Caldwell,130235,Spectrum,1000.0,35.0,341,0,0
21033,Caldwell,130403,T-Mobile,4.463408644400785,0.8479862475442044,4072,3913,3913
21033,Caldwell,130804,Mediacom Xtream,1000.0,50.0,3472,0,0
21033,Caldwell,131425,Verizon,189.34036939313984,14.56042216358839,1895,802,802
21033,Caldwell,190187,energynet,1000.0,1000.0,1181,0,0
21033,Caldwell,300118,Princeton Electric,150.0,150.0,191,0,0
21035,Calloway,130068,West Kentucky Rural Telephone Coop Corp Inc,2000.0,2000.0,7212,0,0
21035,Calloway,130077,AT&T,759.51052326704,745.65920061788,10358,8370,7931
21035,Calloway,130235,Spectrum,1000.0,35.192999446596566,7228,0,0
21035,Calloway,130403,T-Mobile,13.054860531924753,2.3190621814475025,10791,9776,9776
21035,Calloway,130804,Mediacom Xtream,1000.0,50.0,4793,0,0
21035,Calloway,130982,ZAYO GROUP LLC,1000.0,1000.0,1,0,0
21035,Calloway,131425,Verizon,144.18454142011834,12.03587278106509,5408,3265,3265
21035,Calloway,160157,Zito Media,100.0,25.0,222,0,0
21035,Calloway,240063,Murray Electric System,751.0274319263083,381.3031683368762,9879,6149,0
21035,Calloway,360117,Fusion,0.0,0.0,1,1,1
21035,Calloway,440203,Dialog Telecommunications,50.0,8.0,24,24,24
21037,Campbell,130077,AT&T,31.08620689655172,3.97814953909184,29290,27143,25803
21037,Campbell,130235,Spectrum,1000.0,999.3947531501756,29046,0,0
21037,Campbell,130254,altafiber Network Solutions,1474.476889214967,614.1171109480721,61335,979,979
21037,Campbell,130403,T-Mobile,58.53594847095688,11.241339290895375,17233,8149,8149
21037,Campbell,131425,Verizon,247.45077783179389,17.9588599902771,16456,4011,4011
21037,Campbell,380177,Xiber LLC,5500.0,5500.0,2,0,0
21039,Carlisle,130068,West Kentucky Rural Telephone Coop Corp Inc,2000.0,2000.0,1309,0,0
21039,Carlisle,130077,AT&T,18.938127090301,2.2140468227424748,598,597,597
21039,Carlisle,130403,T-Mobile,6.192660550458716,1.198165137614679,545,514,514
21039,Carlisle,131413,"Windstream Kentucky East, LLC",334.3141097424412,285.64165733482645,1786,766,633
21039,Carlisle,131425,Verizon,60.79913606911447,6.60475161987041,463,443,443
21039,Carlisle,160157,Zito Media,1000.0,450.7352941176471,1326,0,0
21039,Carlisle,390044,Gibson Connect,1000.0,1000.0,492,0,0
21041,Carroll,130077,AT&T,8.704879016263387,0.9166997223324078,2521,2520,2520
21041,Carroll,130235,Spectrum,1000.0,974.9523935466808,3781,0,0
21041,Carroll,130403,T-Mobile,14.432515337423313,2.423926380368098,3260,2978,2978
21041,Carroll,131425,Verizon,216.82206682206683,16.014763014763016,2574,812,812
21041,Carroll,410115,BROADLINC,88.22992700729927,9.058394160583942,274,176,169
21043,Carter,130077,AT&T,22.238541402886806,2.538870600151937,3949,3937,3849
21043,Carter,130235,Spectrum,1000.0,998.7902214793148,2393,0,0
21043,Carter,130317,Xfinity,35.0,35.0,1,1,1
21043,Carter,130370,Optimum,500.0,20.0,4019,0,0
21043,Carter,130403,T-Mobile,26.878090528718143,5.069418029669076,5258,4046,4046
21043,Carter,130507,Foothills Communications,1000.0,1000.0,1000,0,0
21043,Carter,131413,"Windstream Kentucky East, LLC",309.5906053655131,274.582128253715,10027,6126,5591
21043,Carter,131425,Verizon,129.00269541778977,10.987601078167115,1855,1242,1242
21045,Casey,130077,AT&T,34.3089430894309,3.078977932636469,861,850,692
21045,Casey,130235,Spectrum,1000.0,995.2626411389298,2037,0,0
21045,Casey,130403,T-Mobile,46.75799086757991,9.066666666666666,2190,1244,1244
21045,Casey,130423,DuoBroadband,1000.0,1000.0,1425,0,0
21045,Casey,131413,"Windstream Kentucky East, LLC",630.016602102933,607.5814425382771,10842,5554,5219
21045,Casey,131425,Verizon,71.49566473988439,7.316473988439307,1384,1261,1261
21045,Casey,260025,kywimax,25.0,5.0,117,117,117
21047,Christian,130077,AT&T,1235.4081561519693,1218.448588358313,28690,19428,18424
21047,Christian,130116,W A T C H TV,100.0,20.0,62,0,0
21047,Christian,130235,Spectrum,1000.0,39.58128078817734,14413,0,0
21047,Christian,130317,Xfinity,1985.3358208955224,248.3955223880597,134,1,1
21047,Christian,130403,T-Mobile,18.283682232957595,3.1387546967257114,18630,16430,16430
21047,Christian,130804,Mediacom Xtream,1000.0,50.0,4290,0,0
21047,Christian,131425,Verizon,211.0378814867593,16.053675335470846,8421,2773,2773
21047,Christian,190187,energynet,957.6192987081466,957.6192987081466,15172,643,643
21049,Clark,130077,AT&T,2168.1872801875734,2160.8158460336067,20472,11035,10337
21049,Clark,130235,Spectrum,1000.0,993.422914235706,13712,0,0
21049,Clark,130403,T-Mobile,15.936832468721391,2.829722306988099,13108,11605,11605
21049,Clark,131413,"Windstream Kentucky East, LLC",13.409090909090908,2.6818181818181817,22,21,21
21049,Clark,131425,Verizon,142.64874798989203,11.87640707558006,4353,2663,2663
21049,Clark,360117,"Fusion Cloud Services, Inc.",0.0,0.0,1,1,1
21049,Clark,410183,Bluegrass Broadband,100.0,20.0,66,0,0
21049,Clark,510052,MN FWA Buyer,250.0,10.0,2,1,1
21051,Clay,130077,AT&T,14.80603448275862,1.7155172413793105,232,232,232
21051,Clay,130235,Spectrum,1000.0,722.7781282860147,4755,0,0
21051,Clay,130403,T-Mobile,38.27777777777778,7.264444444444444,1800,1199,1199
21051,Clay,131029,Peoples Telecom,1000.0,1000.0,3423,0,0
21051,Clay,131310,TDS Telecom,10.0,1.0,4,4,4
21051,Clay,131413,"Windstream Kentucky East, LLC",1035.8583391486393,1018.3051097154377,12897,4465,4182
21051,Clay,131425,Verizon,153.31457160725452,12.644152595372107,1599,903,903
21053,Clinton,130077,AT&T,20.998774509803923,2.5263480392156863,1632,1624,1624
21053,Clinton,130403,T-Mobile,40.60339409176618,7.753614079195475,3182,2036,2036
21053,Clinton,130423,DuoBroadband,1000.0,1000.0,1315,0,0
21053,Clinton,130804,Mediacom Xtream,1000.0,50.0,2759,0,0
21053,Clinton,131384,Twin Lakes,8000.0,8000.0,11,0,0
21053,Clinton,131413,"Windstream Kentucky East, LLC",696.7427639624949,678.9616795760294,4906,2534,2376
21053,Clinton,131425,Verizon,144.32267337405676,11.786561264822137,2783,1697,1697
21053,Clinton,410115,BROADLINC,30.494505494505493,3.43956043956044,273,273,273
21055,Crittenden,130077,AT&T,8.477767695099818,0.8643375680580763,2204,2202,2202
21055,Crittenden,130116,W A T C H TV,8.906485671191554,1.7805429864253393,2652,2416,2416
21055,Crittenden,130403,T-Mobile,8.845391476709613,1.6798810703666998,3027,2793,2793
21055,Crittenden,130804,Mediacom Xtream,1000.0,50.0,2082,0,0
21055,Crittenden,131310,TDS Telecom,1909.941520467836,1887.858187134503,684,455,385
21055,Crittenden,131425,Verizon,63.97911832946636,6.819025522041764,862,813,813
21057,Cumberland,130077,AT&T,23.43495934959349,2.796747967479675,246,246,246
21057,Cumberland,130403,T-Mobile,45.21250610649732,8.712261846604788,2047,1206,1206
21057,Cumberland,130423,DuoBroadband,592.0994818652849,588.3912953367876,4825,1988,1988
21057,Cumberland,130804,Mediacom Xtream,1000.0,50.0,1505,0,0
21057,Cumberland,131384,Twin Lakes,8000.0,8000.0,7,0,0
21057,Cumberland,131413,"Windstream Kentucky East, LLC",361.58150229943794,323.0393459376597,1957,814,729
21057,Cumberland,131425,Verizon,109.12040374909876,9.8168709444845,2774,2082,2082
21057,Cumberland,390124,"Tri-County Fiber Communications, LLC",1000.0,1000.0,2110,0,0
21059,Daviess,130077,AT&T,1533.7012647880288,1521.4427666386612,44039,27409,25390
21059,Daviess,130116,W A T C H TV,85.06149137451308,16.919059543683918,35940,5704,5704
21059,Daviess,130235,Spectrum,1000.0,36.33478772569394,34837,0,0
21059,Daviess,130317,Xfinity,423.3333333333333,35.0,3,2,2
21059,Daviess,130403,T-Mobile,24.25643385081184,4.393036302650716,33689,27447,27447
21059,Daviess,131425,Verizon,228.86728655959425,16.784699915469147,23660,6266,6266
21059,Daviess,190282,Owensboro Municipal Utilities,1000.0,1000.0,19712,0,0
21059,Daviess,410115,BROADLINC,200.0,20.0,598,0,0
21059,Daviess,430114,Conexon Connect LLC,2000.0,2000.0,20123,0,0
21059,Daviess,440203,Dialog Telecommunications,50.0,8.0,20,20,20
21061,Edmonson,130077,AT&T,21.940255220417637,2.8068445475638053,1724,1680,1679
21061,Edmonson,130235,Spectrum,1000.0,500.0,139,0,0
21061,Edmonson,130403,T-Mobile,21.644234267006183,3.982539105129138,2749,2273,2273
21061,Edmonson,130804,Mediacom Xtream,1000.0,50.0,1168,0,0
21061,Edmonson,130929,North Central Communications,1000.0,1000.0,4254,0,0
21061,Edmonson,131216,South Central Rural Telecommunications Cooperative,1000.0,1000.0,34,0,0
21061,Edmonson,131216,South Central Telcom LLC,998.9772727272727,998.9679752066116,968,1,1
21061,Edmonson,131413,"Windstream Kentucky East, LLC",148.56028505392914,100.58243451463792,5192,3224,2906
21061,Edmonson,131425,Verizon,163.15396113602392,12.600896860986548,2007,1085,1085
21063,Elliott,130077,AT&T,17.804878048780488,2.1341463414634148,82,82,82
21063,Elliott,130403,T-Mobile,1.293103448275862,0.1551724137931034,58,58,58
21063,Elliott,130865,Mountain Rural Telephone Coop Corp. Inc,2000.0,2000.0,3059,0,0
21063,Elliott,131413,"Windstream Kentucky East, LLC",134.02439024390245,106.2439024390244,82,68,62
21063,Elliott,131425,Verizon,150.0,11.6,5,3,3
21065,Estill,130077,AT&T,117.26635514018692,96.0233644859813,214,208,197
21065,Estill,130403,T-Mobile,15.892291446673706,2.903907074973601,2841,2487,2487
21065,Estill,130668,Irvine Community Television Inc,1200.0,1010.0,10650,0,0
21065,Estill,131029,Peoples Rural Telephone Cooperative,1000.0,1000.0,21,0,0
21065,Estill,131029,Peoples Telecom,1000.0,1000.0,26,0,0
21065,Estill,131413,"Windstream Kentucky East, LLC",850.2516202821197,827.428421654594,10492,4211,3805
21067,Fayette,130077,AT&T,40.81331882937814,4.735436406835943,104799,95063,79802
21067,Fayette,130235,Spectrum,1000.0,999.7811289856468,103810,0,0
21067,Fayette,130317,Xfinity,40.0,40.0,3,3,3
21067,Fayette,130403,T-Mobile,36.771237624789855,6.76932815840269,96362,67974,67974
21067,Fayette,131081,Metronet Holdings,7560.0,7560.0,187620,0,0
21067,Fayette,131413,"Windstream Communications, LLC.",10.0,1.0,1,1,1
21067,Fayette,131413,"Windstream Kentucky East, LLC",442.0160154145776,384.636307131314,96532,33557,25188
21067,Fayette,131425,Verizon,261.521317585434,18.940089148555742,39709,4997,4997
21067,Fayette,300103,NetFortris,505.0,500.5,2,1,1
21067,Fayette,300170,All Points Broadband,10.0,1.0,17,17,17
21067,Fayette,360117,Fusion,1000.0,1000.0,1,0,0
21067,Fayette,380177,Xiber LLC,3066.6666666666665,3066.6666666666665,6,0,0
21067,Fayette,420067,Kentucky Fi,100.0,100.0,10,0,0
21067,Fayette,510052,MN FWA Buyer,150.70987654320987,133.7530864197531,162,91,90
21069,Fleming,130077,AT&T,28.30298616168973,2.877882981306142,4119,4089,3711
21069,Fleming,130235,Spectrum,1000.0,993.970588235294,4148,0,0
21069,Fleming,130403,T-Mobile,40.02695417789757,7.606469002695418,4823,3133,3133
21069,Fleming,131413,"Windstream Kentucky East, LLC",441.68444918644974,416.3386236329688,7498,4462,4208
21069,Fleming,131425,Verizon,176.68067226890756,13.678571428571429,2856,1366,1366
21071,Floyd,130077,AT&T,13.727697536108751,1.3423959218351742,2354,2352,2275
21071,Floyd,130370,Optimum,940.0,35.0,3227,0,0
21071,Floyd,130403,T-Mobile,6.500165398610652,1.0023155805491233,3023,2939,2939
21071,Floyd,130507,Foothills Communications,1000.0,1000.0,290,0,0
21071,Floyd,130655,Coalfields Telephone Company,1000.0,40.0,4590,0,0
21071,Floyd,130655,Inter-Mountain Cable Inc,1000.0,218.0252283601566,6897,0,0
21071,Floyd,131181,Shentel,2000.0,35.0,931,0,0
21071,Floyd,131328,Thacker-Grigsby Telephone Co Inc,1000.0,1000.0,418,0,0
21073,Franklin,130077,AT&T,1756.283336833263,1745.3673876522469,19048,11920,10349
21073,Franklin,130235,Spectrum,1000.0,956.578947368421,456,0,0
21073,Franklin,130403,T-Mobile,33.878351863963374,6.1758725251204,16819,12382,12382
21073,Franklin,130445,FrankfortPlantBoard,617.4947071277346,495.09301340860975,35425,18067,0
21073,Franklin,131425,Verizon,209.93293851245429,15.702142483887824,11482,3917,3917
21073,Franklin,300170,All Points Broadband,10.0,1.0,1252,1252,1252
21073,Franklin,410115,BROADLINC,42.85714285714285,4.428571428571429,7,7,7
21073,Franklin,510052,MN FWA Buyer,12.5,12.5,6,6,6
21075,Fulton,130077,AT&T,7.074511400651466,0.7121335504885994,2456,2456,2456
21075,Fulton,130235,Spectrum,1000.0,35.0,1269,0,0
21075,Fulton,130403,T-Mobile,42.08446251129178,7.705962059620596,2214,1479,1479
21075,Fulton,131425,Verizon,193.66438356164383,14.672945205479452,1168,478,478
21075,Fulton,160157,Zito Media,200.0,25.0,847,0,0
21075,Fulton,390044,Gibson Connect,1000.0,1000.0,1251,0,0
21077,Gallatin,130077,AT&T,41.930398572278406,6.424747174301011,1681,1320,1244
21077,Gallatin,130235,Spectrum,1000.0,988.3596392333708,887,0,0
21077,Gallatin,130254,altafiber Network Solutions,1410.4044397141554,585.0738938725863,6577,257,257
21077,Gallatin,130403,T-Mobile,28.085314229892543,4.7248453272549655,3071,2551,2551
21077,Gallatin,131425,Verizon,229.13566113337149,16.41556954779622,1747,478,478
21077,Gallatin,410115,BROADLINC,51.67359667359668,5.264033264033264,1924,1847,1845
21079,Garrard,130077,AT&T,27.71981627296588,2.7607174103237093,4572,4571,4167
21079,Garrard,130235,Spectrum,1000.0,988.225963884822,2049,0,0
21079,Garrard,130403,T-Mobile,32.91257805530776,6.261730597680642,5605,3985,3985
21079,Garrard,131413,"Windstream Kentucky East, LLC",714.3198251219102,685.1833697662687,11894,5591,5053
21079,Garrard,131425,Verizon,50.83582089552239,6.0561194029850745,1675,1669,1669
21079,Garrard,260025,kywimax,25.0,5.0,3281,3281,3281
21079,Garrard,300170,All Points Broadband,10.0,1.0,292,292,292
21079,Garrard,420067,Kentucky Fi,100.0,100.0,3665,0,0
21079,Garrard,510052,MN FWA Buyer,0.0,0.0,1,1,1
21081,Grant,130077,AT&T,34.31091510474091,3.3698220192156243,6349,6218,5282
21081,Grant,130235,Spectrum,1000.0,999.4293540287606,4381,0,0
21081,Grant,130254,altafiber Network Solutions,1313.3808010893,539.9546125042551,17626,1198,1198
21081,Grant,130403,T-Mobile,40.35214168039538,7.373833058758923,7284,4979,4979
21081,Grant,131425,Verizon,182.17064663268044,13.690367587872284,3727,1729,1729
21081,Grant,190089,City of Williamstown,300.0,30.0,1919,0,0
21081,Grant,300170,All Points Broadband,10.0,1.0,84,84,84
21081,Grant,410115,BROADLINC,27.549668874172184,3.357615894039735,604,603,602
21083,Graves,130068,West Kentucky Rural Telephone Coop Corp Inc,2000.0,2000.0,13884,0,0
21083,Graves,130077,AT&T,1246.7041731332988,1233.0336264873254,11598,8612,8007
21083,Graves,130235,Spectrum,1000.0,35.59564474807856,4684,0,0
21083,Graves,130317,Xfinity,1200.0,35.0,108,0,0
21083,Graves,130403,T-Mobile,28.31823552579756,5.145332808192202,10156,7938,7938
21083,Graves,130804,Mediacom Xtream,1000.0,50.0,5,0,0
21083,Graves,131425,Verizon,179.51879339238687,13.738568350490782,4177,1961,1961
21083,Graves,160157,Zito Media,1000.0,25.0,4778,0,0
21083,Graves,390044,Gibson Connect,1000.0,1000.0,59,0,0
21083,Graves,440203,Dialog Telecommunications,46.46511627906977,7.381395348837209,215,215,215
21085,Grayson,130077,AT&T,17.773141122913504,2.1210166919575117,2636,2625,2625
21085,Grayson,130116,W A T C H TV,0.0,0.0,25,25,25
21085,Grayson,130150,Brandenburg Telecom LLC,962.9981024667932,962.1631878557874,527,20,20
21085,Grayson,130235,Spectrum,1000.0,520.0,25,0,0
21085,Grayson,130317,Xfinity,1195.4079947142386,35.41129831516353,3027,4,4
21085,Grayson,130403,T-Mobile,14.364060013639463,2.3765628551943623,8798,8080,8080
21085,Grayson,130804,Mediacom Xtream,1000.0,50.0,2193,0,0
21085,Grayson,130929,North Central Communications,1000.0,1000.0,11102,0,0
21085,Grayson,131413,"Windstream Kentucky East, LLC",340.57011656658426,293.16488873189684,14155,6911,6064
21085,Grayson,131425,Verizon,159.64894272223364,12.633545473208788,4871,2673,2673
21087,Green,130077,AT&T,20.02543604651163,2.394622093023256,1376,1373,1373
21087,Green,130235,Spectrum,1000.0,859.7322404371585,1830,0,0
21087,Green,130317,Xfinity,1200.0,35.0,12,0,0
21087,Green,130403,T-Mobile,17.428768382352942,2.7826286764705883,2176,1988,1988
21087,Green,130423,DuoBroadband,1000.0,1000.0,3,0,0
21087,Green,131216,South Central Rural Telecommunications Cooperative,791.0016556291391,788.5993377483444,604,128,128
21087,Green,131216,South Central Telcom LLC,1000.0,1000.0,1016,0,0
21087,Green,131413,"Windstream Kentucky East, LLC",412.374060150376,380.8447368421053,5320,3081,2854
21087,Green,131425,Verizon,192.91835814163284,14.242670275146594,2217,936,936
21089,Greenup,130071,ArmstrongUtilitiesInc,1000.0,20.0,2734,0,0
21089,Greenup,130077,AT&T,25.5805733734782,2.551642885194397,7639,7620,6978
21089,Greenup,130235,Spectrum,1000.0,35.09410098148336,9883,0,0
21089,Greenup,130403,T-Mobile,30.922757905650595,5.589424572317263,9645,7380,7380
21089,Greenup,131413,"Windstream Kentucky East, LLC",828.7153446284174,796.5986234116288,20776,7145,6182
21089,Greenup,460596,Riverside Broadband LLC,50.0,10.0,1517,1517,1517
21091,Hancock,130077,AT&T,14.051418439716311,1.6442080378250592,1692,1677,1675
21091,Hancock,130116,W A T C H TV,4.993328885923949,0.566044029352902,2998,2978,2978
21091,Hancock,130235,Spectrum,1000.0,500.0,2,0,0
21091,Hancock,130317,Xfinity,1200.0,35.0,470,0,0
21091,Hancock,130403,T-Mobile,5.738605161998902,1.0620538165842943,1821,1736,1736
21091,Hancock,131310,TDS Telecom,559.745566692367,548.9776407093292,1297,532,485
21091,Hancock,131425,Verizon,100.36075036075036,8.955266955266955,693,551,551
21091,Hancock,430114,Conexon Connect LLC,2000.0,2000.0,4026,0,0
21093,Hardin,130077,AT&T,33.41529916687705,3.433930825549104,19805,19167,16593
21093,Hardin,130150,Brandenburg Telecom LLC,986.640625,986.3548879837068,31424,430,430
21093,Hardin,130235,Spectrum,1000.0,967.885370926739,8654,0,0
21093,Hardin,130317,Xfinity,1278.8036580813737,56.63232549458753,26790,5,5
21093,Hardin,130403,T-Mobile,29.71235261533592,5.328558993431986,25274,19704,19704
21093,Hardin,130804,Mediacom Xtream,1000.0,50.0,544,0,0
21093,Hardin,131413,"Windstream Kentucky East, LLC",658.5291937305846,635.0992304433776,28328,11479,10285
21093,Hardin,131425,Verizon,228.3159878367382,16.720630433851557,23349,6255,6255
21093,Hardin,510052,MN FWA Buyer,0.0,0.0,2,2,2
21095,Harlan,130077,AT&T,7.840989399293286,0.8040047114252061,4245,4245,4245
21095,Harlan,130235,Spectrum,1000.0,1000.0,297,0,0
21095,Harlan,130403,T-Mobile,18.321380546839983,3.299417301658449,2231,1924,1924
21095,Harlan,131310,TDS Telecom,91.17857142857144,67.67142857142858,560,388,334
21095,Harlan,131413,"Windstream Kentucky East, LLC",658.8879851266558,619.9762956077155,4303,1697,1481
21095,Harlan,131425,Verizon,185.91412742382272,14.242105263157894,3610,1589,1589
21095,Harlan,140001,Access Cable,1150.0,1010.0,5688,0,0
21095,Harlan,190182,Harlan Community Television Inc,1000.0,550.0,16852,0,0
21095,Harlan,460027,Eastern Telephone & Technologies,45.0,45.0,253,253,253
21097,Harrison,130077,AT&T,1592.0511221945137,1587.3519326683293,6416,4362,4351
21097,Harrison,130235,Spectrum,1000.0,998.2523113629584,3353,0,0
21097,Harrison,130403,T-Mobile,41.04706684856753,7.787858117326057,5864,3766,3766
21097,Harrison,131413,"Windstream Kentucky East, LLC",34.0,2.2,5,5,5
21097,Harrison,131425,Verizon,148.79926108374383,11.897783251231528,3248,1934,1934
21097,Harrison,300170,All Points Broadband,10.0,1.0,4341,4341,4341
21097,Harrison,510052,MN FWA Buyer,0.0,0.0,3,3,3
21099,Hart,130077,AT&T,19.87408759124088,2.391970802919708,2740,2728,2728
21099,Hart,130317,Xfinity,1200.0,35.0,1133,0,0
21099,Hart,130403,T-Mobile,15.491923641703377,2.3994126284875184,4086,3810,3810
21099,Hart,130804,Mediacom Xtream,1000.0,50.0,2583,0,0
21099,Hart,131216,South Central Rural Telecommunications Cooperative,914.9808526933878,914.1193515445494,7834,674,674
21099,Hart,131413,"Windstream Kentucky East, LLC",42.31147540983606,11.249180327868851,305,256,243
21099,Hart,131425,Verizon,186.2163029525032,14.193838254172016,3116,1373,1373
21101,Henderson,130077,AT&T,843.479496286729,829.7316112366807,15485,12573,11570
21101,Henderson,130116,W A T C H TV,77.5328914331626,15.401225268655216,9957,2342,2342
21101,Henderson,130235,Spectrum,1000.0,35.09637971535167,14474,0,0
21101,Henderson,130403,T-Mobile,22.342235703188575,4.02633720500111,13517,11244,11244
21101,Henderson,131425,Verizon,172.62308998302208,13.403225806451612,4712,2336,2336
21101,Henderson,190184,Henderson Municipal Power & Light,5000.0,5000.0,9053,0,0
21101,Henderson,430114,Conexon Connect LLC,2000.0,2000.0,7079,0,0
21103,Henry,130077,AT&T,290.3578528827037,283.18807157057654,2515,2372,2372
21103,Henry,130235,Spectrum,1000.0,939.2983504661726,4183,0,0
21103,Henry,130403,T-Mobile,15.874248010867456,2.5724820492916747,5153,4723,4723
21103,Henry,131425,Verizon,209.3041749502982,15.423459244532804,2515,880,880
21103,Henry,300170,All Points Broadband,10.0,1.0,74,74,74
21103,Henry,410115,BROADLINC,34.8582995951417,3.785425101214575,494,494,494
21105,Hickman,130068,West Kentucky Rural Telephone Coop Corp Inc,2000.0,2000.0,154,0,0
21105,Hickman,130077,AT&T,10.328467153284672,1.1467964314679644,1233,1224,1224
21105,Hickman,130235,Spectrum,1000.0,35.0,19,0,0
21105,Hickman,130403,T-Mobile,56.06281957633309,10.93498904309715,1369,649,649
21105,Hickman,131413,"Windstream Kentucky East, LLC",122.23333333333332,34.3,150,38,28
21105,Hickman,131425,Verizon,50.0,6.0,507,507,507
21105,Hickman,160157,Zito Media,1000.0,520.0505050505051,1485,0,0
21105,Hickman,390044,Gibson Connect,1000.0,1000.0,1813,0,0
21107,Hopkins,130077,AT&T,15.23266391435169,1.2639423413337063,14291,14224,13046
21107,Hopkins,130116,W A T C H TV,99.93313069908815,19.986558595069237,14805,10,10
21107,Hopkins,130235,Spectrum,1000.0,47.55867362989996,15893,0,0
21107,Hopkins,130317,Xfinity,56.66666666666666,56.66666666666666,3,2,2
21107,Hopkins,130403,T-Mobile,20.637200609165166,3.7357746088882737,14446,12172,12172
21107,Hopkins,130804,Mediacom Xtream,1000.0,50.0,1809,0,0
21107,Hopkins,131425,Verizon,223.14028956565156,16.41887169246131,12018,3472,3472
21107,Hopkins,410115,BROADLINC,45.0,9.0,5,5,5
21107,Hopkins,440203,Dialog Telecommunications,17.857142857142858,2.375,56,56,56
21107,Hopkins,450069,LitFiber,8000.0,8000.0,2278,0,0
21109,Jackson,130077,AT&T,22.299382716049383,2.7746913580246915,324,320,320
21109,Jackson,130403,T-Mobile,1.8251533742331287,0.3368098159509202,1630,1606,1606
21109,Jackson,131029,Peoples Rural Telephone Cooperative,1000.0,1000.0,8292,0,0
21109,Jackson,131029,Peoples Telecom,1000.0,1000.0,6,0,0
21109,Jackson,131413,"Windstream Georgia Communications, LLC",1000.0,1000.0,1,0,0
21109,Jackson,131413,"Windstream Kentucky East, LLC",609.8076923076923,597.75,52,35,31
21111,Jefferson,130077,AT&T,1818.073926788016,1804.6813446359536,496640,269917,258662
21111,Jefferson,130235,Spectrum,1000.0,999.5507683587588,268169,0,0
21111,Jefferson,130317,Xfinity,79.375,79.375,8,5,5
21111,Jefferson,130403,T-Mobile,34.02948606109717,6.097818312613436,241877,180976,180976
21111,Jefferson,130982,ZAYO GROUP LLC,325.0,325.0,28,18,18
21111,Jefferson,131386,TPx Communications,500.0,500.0,1,0,0
21111,Jefferson,131413,"Windstream Kentucky East, LLC",1000.0,1000.0,4,0,0
21111,Jefferson,131413,"Windstream Kentucky West, LLC",629.7953216374269,544.1812865497076,171,29,24
21111,Jefferson,131425,Verizon,324.65958808297864,23.52317033245037,134396,14275,14275
21111,Jefferson,200014,Cogent Communication,70000.0,70000.0,3,0,0
21111,Jefferson,230022,BluegrassNet,100.0,100.0,130272,0,0
21111,Jefferson,300103,NetFortris,425.0,420.6,5,1,1
21111,Jefferson,300170,All Points Broadband,67.95765877957659,61.04234122042341,803,617,617
21111,Jefferson,300191,lumos,5000.0,5000.0,2984,0,0
21111,Jefferson,360117,Fusion,1000.0,1000.0,3,0,0
21111,Jefferson,380177,Xiber LLC,2622.8571428571427,2622.8571428571427,7,0,0
21111,Jefferson,510052,MN FWA Buyer,47.5,9.791666666666666,24,22,22
21113,Jessamine,130077,AT&T,25.449616827001467,2.8541496820479373,12266,12043,11489
21113,Jessamine,130235,Spectrum,1000.0,997.569801950215,16511,0,0
21113,Jessamine,130403,T-Mobile,35.08996320993332,6.582835134513681,17396,12238,12238
21113,Jessamine,131081,Metronet Holdings,7560.0,7560.0,27636,0,0
21113,Jessamine,131413,"Windstream Kentucky East, LLC",710.9234002225061,675.2150067987968,24269,8412,7080
21113,Jessamine,131425,Verizon,248.46533296793643,17.511647026582626,7298,1430,1430
21113,Jessamine,260025,kywimax,25.0,5.0,73,73,73
21113,Jessamine,300170,All Points Broadband,10.0,1.0,87,87,87
21113,Jessamine,420067,Kentucky Fi,100.0,100.0,1451,0,0
21113,Jessamine,510052,MN FWA Buyer,89.34782608695652,35.43478260869565,23,17,17
21115,Johnson,130077,AT&T,20.62410071942446,1.8071942446043163,2780,2779,2515
21115,Johnson,130370,Optimum,940.0,35.0,2406,0,0
21115,Johnson,130403,T-Mobile,17.9047907822923,3.378411158277744,3298,2791,2791
21115,Johnson,130507,Foothills Communications,1000.0,1000.0,7829,0,0
21115,Johnson,131181,Shentel,2000.0,35.0,2419,0,0
21117,Kenton,130077,AT&T,28.65441468472841,3.347703304946388,45326,43322,40507
21117,Kenton,130235,Spectrum,1000.0,999.1869658119658,56160,0,0
21117,Kenton,130254,altafiber Network Solutions,1474.6371165890837,614.1253719074721,111923,1715,1715
21117,Kenton,130317,Xfinity,50.0,50.0,1,1,1
21117,Kenton,130403,T-Mobile,44.6137607505864,8.104550430023457,31975,20980,20980
21117,Kenton,131425,Verizon,255.32086697832557,18.09171270718232,23530,3928,3928
21117,Kenton,410115,BROADLINC,25.0,3.0,19,19,19
21117,Kenton,470101,ResiBridge LLC,300.0,300.0,11,0,0
21119,Knott,130077,AT&T,16.666666666666668,2.0,24,24,24
21119,Knott,130235,Spectrum,1000.0,998.849821215733,839,0,0
21119,Knott,130403,T-Mobile,7.066869300911854,1.253292806484296,987,937,937
21119,Knott,130655,Inter-Mountain Cable Inc,1000.0,40.0,88,0,0
21119,Knott,131310,TDS Telecom,100.0,20.0,1,0,0
21119,Knott,131328,T V Service Inc,1000.0,20.0,139,0,0
21119,Knott,131328,Thacker-Grigsby Telephone Co Inc,1000.0,1000.0,7552,0,0
21119,Knott,131413,"Windstream Kentucky East, LLC",229.23469387755105,216.6020408163265,98,81,79
21121,Knox,130077,AT&T,328.0056221334517,307.2914632342062,6759,6174,5649
21121,Knox,130235,Spectrum,1000.0,764.0500406834825,4916,0,0
21121,Knox,130403,T-Mobile,38.95860377902784,7.394778595124766,6933,4576,4576
21121,Knox,131413,"Windstream Kentucky East, LLC",809.4206485503586,785.1382967976564,9899,3834,3482
21121,Knox,131425,Verizon,231.7432479831638,16.839705366538055,2851,730,730
21121,Knox,160118,OnPoint Broadband,937.9095523765576,936.572219658514,2167,138,138
21121,Knox,160157,Zito Media,1000.0,25.0,417,0,0
21121,Knox,190429,Barbourville Utility Commission,1000.0,1000.0,3231,0,0
21121,Knox,360100,Zetalink,200.0,100.0,3045,0,0
21123,Larue,130077,AT&T,21.71639396855951,2.8261148540263075,3117,3016,3014
21123,Larue,130150,Brandenburg Telecom LLC,987.381974248927,987.1545064377682,233,3,3
21123,Larue,130235,Spectrum,1000.0,1000.0,142,0,0
21123,Larue,130317,Xfinity,1200.0,35.0,3048,0,0
21123,Larue,130403,T-Mobile,43.57479533614488,8.273381294964029,4031,2497,2497
21123,Larue,130804,Mediacom Xtream,1000.0,50.0,253,0,0
21123,Larue,131216,South Central Rural Telecommunications Cooperative,735.1295210166178,732.6344086021505,2046,548,548
21123,Larue,131216,South Central Telcom LLC,1000.0,1000.0,413,0,0
21123,Larue,131413,"Windstream Kentucky East, LLC",561.4113785557987,522.243544857768,4570,2122,1933
21123,Larue,400009,Bardstown Connect,512.0,10.0,5,5,0
21125,Laurel,130077,AT&T,132.82896272663606,102.94249474749049,12851,11915,10196
21125,Laurel,130235,Spectrum,1000.0,969.1471077434855,21644,0,0
21125,Laurel,130317,Xfinity,5017.5,5017.5,2,1,1
21125,Laurel,130403,T-Mobile,28.777398928397467,5.194349732099367,10265,8031,8031
21125,Laurel,131029,Peoples Rural Telephone Cooperative,1000.0,1000.0,2,0,0
21125,Laurel,131029,Peoples Telecom,1000.0,1000.0,1412,0,0
21125,Laurel,131413,"Windstream Kentucky East, LLC",649.2281481481482,617.1874370370371,16875,7621,6595
21125,Laurel,131425,Verizon,193.26604636492667,14.645324081375175,6341,2606,2606
21125,Laurel,160118,OnPoint Broadband,1000.0,1000.0,54,0,0
21125,Laurel,360100,Zetalink,200.0,100.0,5158,0,0
21127,Lawrence,130077,AT&T,9.297066014669928,1.0207823960880196,1636,1635,1635
21127,Lawrence,130370,Optimum,940.0,35.0,61,0,0
21127,Lawrence,130403,T-Mobile,24.438736681887367,3.949391171993912,2628,2294,2294
21127,Lawrence,130507,Foothills Communications,1000.0,1000.0,8965,0,0
21127,Lawrence,130865,Mountain Rural Telephone Coop Corp. Inc,2000.0,2000.0,1,0,0
21127,Lawrence,131413,"Windstream Kentucky East, LLC",31.85185185185185,7.185185185185185,27,20,20
21127,Lawrence,131425,Verizon,291.30166563849474,20.869833436150525,1621,0,0
21129,Lee,130077,AT&T,643.9259877573734,637.8703394546467,1797,1566,1566
21129,Lee,130403,T-Mobile,14.54133064516129,2.688508064516129,992,875,875
21129,Lee,130865,Mountain Rural Telephone Coop Corp. Inc,2000.0,2000.0,106,0,0
21129,Lee,131029,Peoples Rural Telephone Cooperative,1000.0,1000.0,14,0,0
21129,Lee,131029,Peoples Telecom,1000.0,1000.0,1682,0,0
21129,Lee,131413,"Windstream Kentucky East, LLC",10.0,1.0,1,1,1
21129,Lee,220078,Crystal Broadband Networks,390.3283052351375,76.23779946761313,1127,0,0
21131,Leslie,130077,AT&T,25.0,3.0,1,1,1
21131,Leslie,130235,Spectrum,1000.0,711.6091954022988,174,0,0
21131,Leslie,130403,T-Mobile,6.435643564356436,1.1287128712871286,404,386,386
21131,Leslie,131310,TDS Telecom,57.31346394330971,23.837849103793246,4798,4103,3462
21131,Leslie,131328,T V Service Inc,1000.0,20.0,419,0,0
21131,Leslie,131328,Thacker-Grigsby Telephone Co Inc,1000.0,1000.0,1992,0,0
21131,Leslie,131413,"Windstream Kentucky East, LLC",200.0,52.0,1,0,0
21133,Letcher,130077,AT&T,7.469199178644764,0.768993839835729,974,974,974
21133,Letcher,130403,T-Mobile,33.803165182987144,6.390702274975272,2022,1432,1432
21133,Letcher,130655,Inter-Mountain Cable Inc,1000.0,40.0,79,0,0
21133,Letcher,130655,"Mikrotec CATV, LLC",1000.0,40.0,2811,0,0
21133,Letcher,131328,T V Service Inc,1000.0,20.0,5534,0,0
21133,Letcher,131328,Thacker-Grigsby Telephone Co Inc,1000.0,1000.0,1155,0,0
21133,Letcher,131413,"Windstream Kentucky East, LLC",74.4270435446906,22.295645530939648,1309,822,668
21133,Letcher,460027,Eastern Telephone & Technologies,45.0,45.0,68,68,68
21135,Lewis,130077,AT&T,20.030978934324654,2.4876084262701363,1614,1589,1589
21135,Lewis,130235,Spectrum,1000.0,347.3209302325581,3225,0,0
21135,Lewis,130403,T-Mobile,44.03520208604954,8.275619295958279,3835,2401,2401
21135,Lewis,131413,"Windstream Kentucky East, LLC",131.24449108079747,88.95571878279118,4765,3318,3008
21135,Lewis,131425,Verizon,144.92877492877494,11.707122507122508,1755,1071,1071
21135,Lewis,190335,Southern Ohio Communications Inc,100.0,10.0,44,44,0
21135,Lewis,460596,Riverside Broadband LLC,50.0,10.0,1387,1387,1387
21137,Lincoln,130077,AT&T,15.045028142589118,4.119136960600375,5330,5313,5219
21137,Lincoln,130235,Spectrum,1000.0,912.3414407075528,8593,0,0
21137,Lincoln,130403,T-Mobile,11.730680240629338,2.16658954187876,6483,5868,5868
21137,Lincoln,131413,"Windstream Kentucky East, LLC",582.7005954068613,555.518003969379,3527,1841,1668
21137,Lincoln,131425,Verizon,158.69359419375198,12.37235721047649,3169,1768,1768
21137,Lincoln,260025,kywimax,25.0,5.0,7519,7519,7519
21137,Lincoln,420067,Kentucky Fi,100.0,100.0,2758,0,0
21139,Livingston,130077,AT&T,286.6304347826087,275.3791304347826,1150,1077,1075
21139,Livingston,130317,Xfinity,1219.6923076923076,40.292307692307695,975,0,0
21139,Livingston,130403,T-Mobile,48.0092204526404,9.34870075440067,2386,1316,1316
21139,Livingston,130804,Mediacom Xtream,1000.0,50.0,404,0,0
21139,Livingston,131310,TDS Telecom,3460.99173553719,3438.2097902097903,1573,675,582
21139,Livingston,131413,"Windstream Kentucky East, LLC",242.1482300884956,206.35530973451327,2260,1394,1277
21139,Livingston,160157,Zito Media,1000.0,25.0,413,0,0
21139,Livingston,440203,Dialog Telecommunications,50.0,8.0,26,26,26
21141,Logan,130077,AT&T,19.35946462715105,1.5231357552581262,5230,5226,4603
21141,Logan,130235,Spectrum,1000.0,563.2911392405064,79,0,0
21141,Logan,130370,Optimum,500.0,20.0,5333,0,0
21141,Logan,130403,T-Mobile,19.59926470588235,3.628382352941177,6800,5715,5715
21141,Logan,130754,LTC Connect,4883.115792575132,976.599734826164,6788,159,159
21141,Logan,131425,Verizon,205.07134261646897,15.45367027677497,5817,2094,2094
21141,Logan,150312,City of Rusellville Electric Plantboard Smartnet,1000.0,1000.0,5155,0,0
21141,Logan,190187,energynet,1000.0,1000.0,1729,0,0
21141,Logan,420028,"Cumblerand Connect, LLC",1000.0,1000.0,10,0,0
21143,Lyon,130077,AT&T,679.542328042328,672.6814814814815,1890,1636,1616
21143,Lyon,130116,W A T C H TV,95.09803921568628,19.01960784313725,102,5,5
21143,Lyon,130403,T-Mobile,12.00657894736842,1.917397660818713,2736,2573,2573
21143,Lyon,160157,Zito Media,816.8526785714286,259.31919642857144,2688,0,0
21143,Lyon,190187,energynet,1000.0,1000.0,896,0,0
21145,McCracken,130068,West Kentucky Rural Telephone Coop Corp Inc,2000.0,2000.0,148,0,0
21145,McCracken,130077,AT&T,208.1507017975868,192.8255766231634,24366,23134,21616
21145,McCracken,130094,Ballard Rural Telephone Cooperative Corporation Inc,1000.0,1000.0,2359,0,0
21145,McCracken,130317,Xfinity,1199.7318124663193,35.01652595652955,27835,1,1
21145,McCracken,130403,T-Mobile,36.965755824137325,7.009371168330706,22836,15490,15490
21145,McCracken,130427,Right Fiber,5000.0,5000.0,288,0,0
21145,McCracken,131425,Verizon,227.77910948642656,17.16066398993228,16687,4305,4305
21145,McCracken,440196,Quad State Internet,50877.51677852349,50877.51677852349,596,0,0
21145,McCracken,440203,Dialog Telecommunications,50.65265486725664,9.204646017699115,904,892,892
21145,McCracken,510013,PPS Fibernet,1000.0,1000.0,1636,0,0
21147,McCreary,130077,AT&T,23.688524590163933,3.0,305,299,299
21147,McCreary,130235,Spectrum,1000.0,670.4964464882943,4784,0,0
21147,McCreary,130403,T-Mobile,35.82206035379813,6.648976760319112,2883,2036,2036
21147,McCreary,131425,Verizon,63.21138211382114,6.739837398373984,492,466,466
21147,McCreary,131611,Highland Telephone Cooperative,1000.0,1000.0,6927,0,0
21147,McCreary,410115,BROADLINC,26.071428571428573,3.085714285714286,70,70,70
21149,McLean,130077,AT&T,7.679568291775214,0.7822850762932638,2687,2684,2684
21149,McLean,130116,W A T C H TV,44.79920814479638,8.478789592760181,3536,2122,2122
21149,McLean,130235,Spectrum,1000.0,136.73570595099184,1714,0,0
21149,McLean,130403,T-Mobile,7.290279627163781,1.1091877496671103,1502,1458,1458
21149,McLean,131425,Verizon,145.0263752825923,11.956292388847023,1327,801,801
21149,McLean,410115,BROADLINC,109.2797783933518,10.97229916897507,1083,646,642
21149,McLean,430114,Conexon Connect LLC,2000.0,2000.0,1398,0,0
21151,Madison,130077,AT&T,1671.289206481675,1658.0170039641143,28758,17835,15891
21151,Madison,130235,Spectrum,1000.0,996.9247922156902,29598,0,0
21151,Madison,130403,T-Mobile,21.3731551655365,3.824611088950937,25070,21122,21122
21151,Madison,131081,Metronet Holdings,7560.0,7560.0,35208,0,0
21151,Madison,131413,"Windstream Kentucky East, LLC",934.654077942949,907.3518682201689,12445,4122,3564
21151,Madison,131425,Verizon,222.32680484249224,16.23071559865627,15777,4667,4667
21151,Madison,420067,Kentucky Fi,100.0,100.0,1474,0,0
21153,Magoffin,130077,AT&T,23.5207100591716,2.757396449704142,338,337,337
21153,Magoffin,130403,T-Mobile,32.514177693761816,6.245746691871456,1058,748,748
21153,Magoffin,130507,Foothills Communications,1000.0,1000.0,6784,0,0
21153,Magoffin,130865,Mountain Rural Telephone Coop Corp. Inc,2000.0,2000.0,23,0,0
21153,Magoffin,240038,Frank Howard TV Cable Inc,25.0,10.0,3611,3611,3611
21155,Marion,130077,AT&T,32.95884315906563,3.593807934742306,5394,5214,4623
21155,Marion,130235,Spectrum,1000.0,992.2135310849249,4922,0,0
21155,Marion,130317,Xfinity,200.0,200.0,3,0,0
21155,Marion,130403,T-Mobile,27.151180161338512,4.771138332835375,3347,2714,2714
21155,Marion,131413,"Windstream Kentucky East, LLC",664.709563389701,631.9229960829273,10467,4269,3815
21155,Marion,131425,Verizon,216.5678184631253,15.903042805569882,3878,1237,1237
21155,Marion,260025,kywimax,25.0,5.0,2684,2684,2684
21155,Marion,300170,All Points Broadband,10.0,1.0,1465,1465,1465
21157,Marshall,130068,West Kentucky Rural Telephone Coop Corp Inc,2000.0,2000.0,4573,0,0
21157,Marshall,130077,AT&T,897.991773962804,889.7263948497854,5592,4578,4491
21157,Marshall,130235,Spectrum,1000.0,35.367976787127404,3791,0,0
21157,Marshall,130317,Xfinity,1178.7878787878788,35.0,33,0,0
21157,Marshall,130403,T-Mobile,31.748306409588327,5.963418447107869,9595,7012,7012
21157,Marshall,130804,Mediacom Xtream,1000.0,50.0,10864,0,0
21157,Marshall,131413,"Windstream Kentucky East, LLC",101.40131888836552,28.66839378238342,2123,1100,935
21157,Marshall,131425,Verizon,120.48795944233208,10.315082382762991,7890,5591,5591
21157,Marshall,440203,Dialog Telecommunications,49.18088737201365,7.856655290102389,293,293,293
21159,Martin,130077,AT&T,6.640253565768621,0.6767036450079239,631,631,631
21159,Martin,130370,Optimum,940.0,35.0,3920,0,0
21159,Martin,130403,T-Mobile,9.044715447154472,1.670731707317073,984,912,912
21159,Martin,130507,Foothills Communications,1000.0,1000.0,297,0,0
21161,Mason,130077,AT&T,22.13961743245908,1.9376848747781503,5071,5059,4505
21161,Mason,130235,Spectrum,1000.0,949.1146788990826,1090,0,0
21161,Mason,130403,T-Mobile,25.239267158873396,4.253759912496582,3657,3097,3097
21161,Mason,131249,Performance Broadband by Limestone Cable,500.0,50.0,6262,0,0
21161,Mason,131413,"Windstream Communications, LLC.",1000.0,1000.0,23,0,0
21161,Mason,131413,"Windstream Kentucky East, LLC",594.0902051877662,562.7572590011614,5166,2228,2043
21161,Mason,131425,Verizon,208.9672477548864,15.598520866349707,3786,1311,1311
21161,Mason,190335,Southern Ohio Communications Inc,100.0,10.0,3,3,0
21161,Mason,360117,"Fusion Cloud Services, Inc.",0.0,0.0,1,1,1
21163,Meade,130077,AT&T,22.37382378100941,3.015397775876818,1169,1115,1115
21163,Meade,130150,Brandenburg Telecom LLC,961.9903043361164,961.2296435945776,11139,433,433
21163,Meade,130235,Spectrum,1000.0,987.2809737943868,6449,0,0
21163,Meade,130317,Xfinity,1200.0,35.0,3,0,0
21163,Meade,130403,T-Mobile,24.80982567353407,4.612678288431062,3155,2510,2510
21163,Meade,131425,Verizon,194.92864424057083,14.505606523955148,3924,1610,1610
21165,Menifee,130077,AT&T,21.96875,2.721875,320,315,315
21165,Menifee,130235,Spectrum,1000.0,888.8888888888889,9,0,0
21165,Menifee,130403,T-Mobile,30.023041474654377,5.446082949308756,1085,835,835
21165,Menifee,130865,Mountain Rural Telephone Coop Corp. Inc,2000.0,2000.0,4630,0,0
21165,Menifee,131425,Verizon,95.80022701475596,8.635641316685584,881,718,718
21167,Mercer,130077,AT&T,1626.8043087971275,1617.2654847396768,8912,5997,5554
21167,Mercer,130235,Spectrum,1000.0,996.2912011173185,7160,0,0
21167,Mercer,130403,T-Mobile,5.339144647235086,0.949060201579951,7342,7059,7059
21167,Mercer,131425,Verizon,128.0971937029432,10.469541409993155,1461,1001,1001
21167,Mercer,260025,kywimax,25.0,5.0,7647,7647,7647
21167,Mercer,300103,NetFortris,100.0,100.0,1,0,0
21167,Mercer,300170,All Points Broadband,10.006744604316546,1.0008992805755397,6672,6672,6672
21167,Mercer,420067,Kentucky Fi,100.0,100.0,431,0,0
21167,Mercer,510052,MN FWA Buyer,0.0,0.0,1,1,1
21169,Metcalfe,130077,AT&T,20.62240663900415,2.5145228215767634,241,239,239
21169,Metcalfe,130403,T-Mobile,22.95479009687836,4.05059203444564,1858,1557,1557
21169,Metcalfe,130423,DuoBroadband,1000.0,1000.0,11,0,0
21169,Metcalfe,130804,Mediacom Xtream,1000.0,50.0,1249,0,0
21169,Metcalfe,131216,South Central Rural Telecommunications Cooperative,758.7667746413697,756.2086996760759,4322,1056,1056
21169,Metcalfe,131413,"Windstream Kentucky East, LLC",95.0,79.3076923076923,26,25,25
21169,Metcalfe,390124,"Tri-County Fiber Communications, LLC",1000.0,1000.0,78,0,0
21171,Monroe,130077,AT&T,24.35085497150095,3.2514249525015835,1579,1510,1510
21171,Monroe,130403,T-Mobile,23.12691131498471,4.334862385321101,1308,1053,1053
21171,Monroe,130647,Info-Ed Inc,0.0,0.0,5,5,5
21171,Monroe,130804,Mediacom Xtream,1000.0,50.0,2217,0,0
21171,Monroe,130929,North Central Telephone Cooperative,1000.0,1000.0,28,0,0
21171,Monroe,131216,South Central Rural Telecommunications Cooperative,716.080310880829,712.6248704663212,1930,556,556
21171,Monroe,131216,South Central Telcom LLC,377.3998664886515,369.9512683578104,1498,946,946
21171,Monroe,131384,Twin Lakes,8000.0,8000.0,10,0,0
21171,Monroe,131413,"Windstream Kentucky East, LLC",153.21818891491023,118.19594067135051,2562,1778,1598
21171,Monroe,131425,Verizon,187.09981167608285,14.353295668549906,2655,1153,1153
21171,Monroe,390124,"Tri-County Fiber Communications, LLC",1000.0,1000.0,1535,0,0
21173,Montgomery,130077,AT&T,1988.532319391635,1980.744052145573,9205,5418,5174
21173,Montgomery,130235,Spectrum,1000.0,994.4497583568264,9932,0,0
21173,Montgomery,130403,T-Mobile,20.645628257093225,3.735610885929357,8635,7277,7277
21173,Montgomery,131413,"Windstream Communications, LLC.",1000.0,1000.0,1,0,0
21173,Montgomery,131413,"Windstream Kentucky East, LLC",897.3333333333334,890.6444444444444,45,24,24
21173,Montgomery,131425,Verizon,184.17565485362096,14.09553158705701,3245,1455,1455
21173,Montgomery,400028,KyWiFi,24.99860048516514,14.998693786154131,10718,10718,10718
21173,Montgomery,410183,Bluegrass Broadband,100.0,20.0,1,0,0
21175,Morgan,130077,AT&T,18.04054054054054,2.141891891891892,148,148,148
21175,Morgan,130403,T-Mobile,37.97268907563025,7.13655462184874,952,645,645
21175,Morgan,130507,Foothills Communications,1000.0,1000.0,25,0,0
21175,Morgan,130865,Mountain Rural Telephone Coop Corp. Inc,2000.0,2000.0,5823,0,0
21177,Muhlenberg,130077,AT&T,6.643687483103541,0.7100567721005677,7398,7375,7375
21177,Muhlenberg,130116,W A T C H TV,17.647058823529413,2.9757785467128026,578,508,508
21177,Muhlenberg,130235,Spectrum,1000.0,500.0,879,0,0
21177,Muhlenberg,130317,Xfinity,1199.9189627228525,35.0,8638,0,0
21177,Muhlenberg,130403,T-Mobile,29.83212639894668,5.528505595786702,7595,5745,5745
21177,Muhlenberg,130754,LTC Connect,5000.0,1000.0,900,0,0
21177,Muhlenberg,131425,Verizon,181.0759493670886,13.735189873417722,3950,1839,1839
21177,Muhlenberg,190187,energynet,1000.0,1000.0,1762,0,0
21177,Muhlenberg,410115,BROADLINC,156.08367626886147,15.660493827160494,1458,432,358
21179,Nelson,130077,AT&T,1410.2590137733278,1392.7274479387015,21273,14079,13102
21179,Nelson,130235,Spectrum,1000.0,983.6982913669063,2224,0,0
21179,Nelson,130403,T-Mobile,30.787460774058577,5.422005753138075,15296,11993,11993
21179,Nelson,131216,South Central Rural Telecommunications Cooperative,528.0434782608696,522.804347826087,46,22,22
21179,Nelson,131413,"Windstream Kentucky East, LLC",113.33333333333331,97.42857142857144,21,19,17
21179,Nelson,131413,"Windstream Kentucky West, LLC",505.0,500.5,8,4,4
21179,Nelson,131425,Verizon,204.59503365049892,15.149686702251104,8618,3180,3180
21179,Nelson,260025,kywimax,25.0,5.0,1353,1353,1353
21179,Nelson,400009,Bardstown Connect,638.554694978679,266.74005743625446,22982,17022,0
21181,Nicholas,130077,AT&T,15.898255813953488,1.272093023255814,1720,1720,1579
21181,Nicholas,130235,Spectrum,1000.0,986.873459326212,1217,0,0
21181,Nicholas,130403,T-Mobile,54.59075487701442,10.574639525021205,2358,1172,1172
21181,Nicholas,131413,"Windstream Kentucky East, LLC",3.1481481481481484,0.3333333333333333,27,27,27
21181,Nicholas,131425,Verizon,56.45438898450946,6.36144578313253,581,566,566
21181,Nicholas,300170,All Points Broadband,10.0,1.0,99,99,99
21183,Ohio,130077,AT&T,16.588758516275547,1.2969341408024224,5284,5283,4789
21183,Ohio,130116,W A T C H TV,1.522868152119283,0.2025464901993633,5969,5939,5939
21183,Ohio,130235,Spectrum,1000.0,144.96305207080255,5819,0,0
21183,Ohio,130403,T-Mobile,13.292927451695224,2.413233685745534,5486,4925,4925
21183,Ohio,130754,LTC Connect,5000.0,1000.0,6,0,0
21183,Ohio,131413,"Windstream Kentucky East, LLC",6.666666666666667,0.6666666666666666,3,3,3
21183,Ohio,131425,Verizon,174.5771958537916,13.393344244408077,3666,1800,1800
21183,Ohio,410115,BROADLINC,200.0,20.0,498,0,0
21183,Ohio,430114,Conexon Connect LLC,2000.0,2000.0,1914,0,0
21185,Oldham,130077,AT&T,2275.475249011462,2264.991215776565,39958,17937,17371
21185,Oldham,130235,Spectrum,1000.0,964.368811881188,21008,0,0
21185,Oldham,130403,T-Mobile,42.49819320645628,7.895061430980487,20755,13503,13503
21185,Oldham,131425,Verizon,264.79722323712093,18.59006211180124,10948,1384,1384
21185,Oldham,300170,All Points Broadband,10.0,1.0,349,349,349
21185,Oldham,510052,MN FWA Buyer,0.0,0.0,3,3,3
21187,Owen,130077,AT&T,10.43040293040293,1.1013431013431014,1638,1637,1631
21187,Owen,130235,Spectrum,1000.0,858.8676844783715,786,0,0
21187,Owen,130403,T-Mobile,4.637865311308768,0.6378653113087674,787,779,779
21187,Owen,190089,City of Williamstown,300.0,30.0,123,0,0
21187,Owen,300170,All Points Broadband,10.0,1.0,88,88,88
21187,Owen,410115,BROADLINC,114.4785123966942,11.670413223140496,6050,3220,3108
21189,Owsley,130077,AT&T,10.0,1.0,1,1,1
21189,Owsley,130403,T-Mobile,32.033426183844014,6.116991643454039,359,257,257
21189,Owsley,131029,Peoples Rural Telephone Cooperative,1000.0,1000.0,2019,0,0
21191,Pendleton,130077,AT&T,26.83901773533424,3.227830832196453,3665,3522,3362
21191,Pendleton,130235,Spectrum,1000.0,998.5696640316204,2024,0,0
21191,Pendleton,130254,altafiber Network Solutions,1413.817552961522,583.4598357111976,11565,153,153
21191,Pendleton,130317,Xfinity,35.0,35.0,1,1,1
21191,Pendleton,130403,T-Mobile,39.07772490369364,7.123951960117834,4413,3070,3070
21191,Pendleton,131413,"Windstream Kentucky East, LLC",849.1176470588235,828.2941176470588,17,10,9
21191,Pendleton,131425,Verizon,150.8008008008008,11.925925925925926,1998,1178,1178
21191,Pendleton,190089,City of Williamstown,300.0,30.0,1,0,0
21191,Pendleton,300170,All Points Broadband,10.0,1.0,182,182,182
21193,Perry,130077,AT&T,15.581818181818182,1.8327272727272728,275,274,274
21193,Perry,130235,Spectrum,1000.0,999.557745187901,2182,0,0
21193,Perry,130403,T-Mobile,29.2299672326482,5.547512660113196,3357,2501,2501
21193,Perry,131310,TDS Telecom,44.1868029739777,8.12453531598513,1076,932,759
21193,Perry,131328,T V Service Inc,1000.0,20.0,5689,0,0
21193,Perry,131328,Thacker-Grigsby Telephone Co Inc,1000.0,1000.0,2392,0,0
21193,Perry,131413,"Windstream Kentucky East, LLC",521.4027283511269,481.557730328193,10116,4243,3725
21195,Pike,130077,AT&T,8.539768529918739,0.9421324796848068,4061,4060,4060
21195,Pike,130235,Spectrum,1000.0,345.0,6,0,0
21195,Pike,130370,Optimum,605.6378600823045,23.60129068462402,10692,0,0
21195,Pike,130403,T-Mobile,12.635448916408668,2.306346749226006,6460,5822,5822
21195,Pike,130655,Coalfields Telephone Company,1000.0,40.0,863,0,0
21195,Pike,130655,Inter-Mountain Cable Inc,1000.0,174.23526155549405,18065,0,0
21195,Pike,130655,"Mikrotec CATV, LLC",1000.0,40.0,63,0,0
21195,Pike,131413,"Windstream Kentucky East, LLC",75.125,16.5,40,29,24
21195,Pike,131425,Verizon,50.0,6.0,8,8,8
21195,Pike,320082,SkyNet Communications of Kentucky LLC,500.0,500.0,1099,0,0
21195,Pike,340070,Point Broadband Fiber Holding LLC,1000.0,1000.0,4,0,0
21195,Pike,460027,Eastern Telephone & Technologies,45.00585480093677,45.00585480093677,854,854,854
21195,Pike,510052,MN FWA Buyer,0.0,0.0,1,1,1
21197,Powell,130077,AT&T,2046.9736573412288,2041.3812538288748,4897,2571,2463
21197,Powell,130235,Spectrum,1000.0,931.4942528735633,2175,0,0
21197,Powell,130403,T-Mobile,3.677621283255086,0.6384976525821596,2556,2493,2493
21197,Powell,130865,Mountain Rural Telephone Coop Corp. Inc,2000.0,2000.0,226,0,0
21197,Powell,131413,"Windstream Kentucky East, LLC",10.0,1.0,3,3,3
21197,Powell,220078,Crystal Broadband Networks,500.0,100.0,2401,0,0
21197,Powell,400028,KyWiFi,25.0,15.0,1,1,1
21197,Powell,460027,Eastern Telephone & Technologies,45.99,45.99,2500,2455,2455
21197,Powell,510052,MN FWA Buyer,0.0,0.0,1,1,1
21199,Pulaski,130077,AT&T,31.02210349118056,3.048671594818122,13663,13564,11990
21199,Pulaski,130235,Spectrum,1000.0,992.117686032548,24149,0,0
21199,Pulaski,130403,T-Mobile,23.22366917980352,4.1039067854695,21885,18282,18282
21199,Pulaski,130423,DuoBroadband,1000.0,1000.0,12,0,0
21199,Pulaski,131413,"Windstream Kentucky East, LLC",709.0548974459963,684.9250159057169,33007,14628,13268
21199,Pulaski,131611,Highland Telephone Cooperative,1000.0,1000.0,2,0,0
21199,Pulaski,260025,kywimax,25.0,5.0,1,1,1
21199,Pulaski,410115,BROADLINC,32.096882709127605,3.569858712715856,4459,4457,4457
21201,Robertson,130077,AT&T,14.745762711864408,1.6271186440677967,177,177,177
21201,Robertson,130403,T-Mobile,6.767515923566879,0.9140127388535032,314,310,310
21201,Robertson,131413,"Windstream Kentucky East, LLC",35.74235807860262,8.580786026200874,916,765,722
21201,Robertson,131425,Verizon,57.096774193548384,6.422580645161291,620,602,602
21201,Robertson,300170,All Points Broadband,10.0,1.0,8,8,8
21203,Rockcastle,130077,AT&T,21.80789133247089,2.4547218628719274,1546,1542,1503
21203,Rockcastle,130235,Spectrum,1000.0,903.6062895650398,4897,0,0
21203,Rockcastle,130403,T-Mobile,27.233741753063143,4.919321394910462,5305,4210,4210
21203,Rockcastle,131029,Peoples Rural Telephone Cooperative,1000.0,1000.0,106,0,0
21203,Rockcastle,131029,Peoples Telecom,1000.0,1000.0,299,0,0
21203,Rockcastle,131413,"Windstream Kentucky East, LLC",479.49817041296393,442.16549921589126,9565,5016,4445
21203,Rockcastle,131425,Verizon,122.72255385413963,10.469244744355048,3853,2693,2693
21203,Rockcastle,260025,kywimax,25.0,5.0,9,9,9
21203,Rockcastle,420067,Kentucky Fi,100.0,100.0,31,0,0
21203,Rockcastle,440193,iWi Communications,50.0,25.0,59,59,59
21205,Rowan,130077,AT&T,24.7719087635054,2.8195278111244497,2499,2439,2318
21205,Rowan,130235,Spectrum,1000.0,996.04609475032,7810,0,0
21205,Rowan,130403,T-Mobile,33.25079239302694,6.108954041204437,5048,3711,3711
21205,Rowan,131413,"Windstream Kentucky East, LLC",926.4335610654794,904.6130344668765,13027,4764,4240
21205,Rowan,131425,Verizon,121.06725958866036,10.40466926070039,1799,1268,1268
21205,Rowan,380087,Networx Technologies LLC,1000.0,25.0,74,0,0
21207,Russell,130077,AT&T,17.145922746781117,2.068669527896996,233,232,232
21207,Russell,130403,T-Mobile,24.48110115796373,4.388464059427573,4577,3747,3747
21207,Russell,130423,DuoBroadband,937.1904921888124,923.796321182597,11906,419,419
21207,Russell,131413,"Windstream Kentucky East, LLC",362.1875,339.4479166666667,96,66,64
21207,Russell,131425,Verizon,192.9468874928612,14.71330668189606,3502,1436,1436
21207,Russell,410115,BROADLINC,32.47744213417026,3.597881522165555,2549,2549,2549
21209,Scott,130077,AT&T,1611.9106154691,1602.9488024331515,23673,11570,10855
21209,Scott,130235,Spectrum,1000.0,992.4836754826888,21287,0,0
21209,Scott,130403,T-Mobile,18.11609202200012,2.971612750606186,16909,15223,15223
21209,Scott,131413,"Windstream Kentucky East, LLC",142.71317829457365,106.984496124031,129,82,76
21209,Scott,131425,Verizon,260.134778012685,18.4931289640592,7568,1066,1066
21209,Scott,190089,City of Williamstown,300.0,30.0,6,0,0
21209,Scott,300170,All Points Broadband,10.012994513427664,1.0017326017903552,3463,3463,3463
21209,Scott,410115,BROADLINC,38.4,4.12,25,25,25
21209,Scott,510052,MN FWA Buyer,59.583333333333336,57.333333333333336,12,8,8
21211,Shelby,130077,AT&T,1737.3634146341462,1722.0646070460705,18450,11302,10344
21211,Shelby,130235,Spectrum,1000.0,955.7514612859316,12489,0,0
21211,Shelby,130403,T-Mobile,11.70305511333485,2.057539231294064,13191,12114,12114
21211,Shelby,130445,FrankfortPlantBoard,625.0,505.0,328,164,0
21211,Shelby,131425,Verizon,162.04909819639278,12.829659318637274,3992,2146,2146
21211,Shelby,300170,All Points Broadband,18.73605545326546,10.121412325354706,9233,8809,8809
21211,Shelby,510052,MN FWA Buyer,0.0,0.0,3,3,3
21213,Simpson,130077,AT&T,14.398953233158872,1.1306770217795037,5923,5921,5428
21213,Simpson,130235,Spectrum,1000.0,947.9340277777778,2016,0,0
21213,Simpson,130317,Xfinity,1204.3461970775572,36.16804046459348,5338,0,0
21213,Simpson,130403,T-Mobile,26.390134529147986,4.796711509715994,6690,5327,5327
21213,Simpson,130754,LTC Connect,5000.0,1000.0,239,0,0
21213,Simpson,130929,North Central Communications,1000.0,1000.0,141,0,0
21213,Simpson,130929,North Central Telephone Cooperative,1000.0,1000.0,1,0,0
21213,Simpson,131425,Verizon,214.6032639279685,15.832301631963984,3554,1158,1158
21213,Simpson,330031,Franklin EPB Fiber,1000.0,1000.0,5949,0,0
21215,Spencer,130077,AT&T,1890.0607809430253,1880.396365422397,8144,4391,4231
21215,Spencer,130235,Spectrum,1000.0,938.7198574124554,4769,0,0
21215,Spencer,130403,T-Mobile,21.30082095387021,3.9962861610633302,5116,4195,4195
21215,Spencer,131413,"Windstream Kentucky West, LLC",656.0666666666667,623.48,75,38,36
21215,Spencer,300170,All Points Broadband,10.027124773960216,1.003616636528029,553,553,553
21215,Spencer,400009,Bardstown Connect,512.0,10.0,256,256,0
21217,Taylor,130077,AT&T,41.97515645742462,4.456855679878627,5273,4930,3980
21217,Taylor,130317,Xfinity,1199.3893906627657,35.27859051011322,7861,0,0
21217,Taylor,130403,T-Mobile,40.77768141081237,7.71379011274935,6918,4479,4479
21217,Taylor,130423,DuoBroadband,997.192513368984,996.1096256684492,1496,0,0
21217,Taylor,131413,"Windstream Kentucky East, LLC",777.4435183154201,751.2363822475689,13677,6280,5767
21217,Taylor,131425,Verizon,248.06903622693096,17.94224196855776,5852,1088,1088
21219,Todd,130077,AT&T,148.41744652406416,141.2092245989305,2992,2907,2907
21219,Todd,130235,Spectrum,1000.0,190.0,3,0,0
21219,Todd,130403,T-Mobile,19.18331374853114,3.2984723854289077,1702,1490,1490
21219,Todd,130754,LTC Connect,5000.0,1000.0,129,0,0
21219,Todd,130804,Mediacom Xtream,1000.0,50.0,1799,0,0
21219,Todd,131425,Verizon,209.181374389786,15.681562147953436,2663,915,915
21219,Todd,190187,energynet,1000.0,1000.0,5984,0,0
21221,Trigg,130077,AT&T,7.116827438370847,0.7184708824580207,2799,2799,2799
21221,Trigg,130403,T-Mobile,20.213558480258257,3.595728830394835,4027,3438,3438
21221,Trigg,130804,Mediacom Xtream,1000.0,50.0,4331,0,0
21221,Trigg,131425,Verizon,90.48527808069792,8.394765539803707,1834,1531,1531
21221,Trigg,190187,energynet,1000.0,1000.0,6335,0,0
21221,Trigg,420028,"Cumblerand Connect, LLC",1000.0,1000.0,13,0,0
21223,Trimble,130077,AT&T,8.41581756428918,0.9272197962154294,2061,2056,2056
21223,Trimble,130235,Spectrum,1000.0,934.6612811791384,3528,0,0
21223,Trimble,130403,T-Mobile,19.58276098901099,3.564217032967033,2912,2470,2470
21223,Trimble,410115,BROADLINC,31.80851063829787,3.765957446808511,47,47,47
21225,Union,130077,AT&T,12.861453686696406,1.1561270007871949,3811,3810,3665
21225,Union,130116,W A T C H TV,5.122912366297617,0.9532745355601426,5329,5094,5094
21225,Union,130235,Spectrum,1000.0,37.330368225072405,4834,0,0
21225,Union,130403,T-Mobile,29.84210526315789,5.440421052631579,4750,3646,3646
21225,Union,131413,"Windstream Kentucky East, LLC",535.7525870178739,504.6274694261524,1063,272,203
21225,Union,131425,Verizon,137.82984531392174,11.287534121929026,2198,1405,1405
21225,Union,430114,Conexon Connect LLC,2000.0,2000.0,1816,0,0
21227,Warren,130077,AT&T,1415.055688724244,1398.9862957313385,41301,25640,22694
21227,Warren,130235,Spectrum,1000.0,63.48352891972348,40647,0,0
21227,Warren,130317,Xfinity,35.0,35.0,2,2,2
21227,Warren,130403,T-Mobile,17.92032848292753,3.135427171877251,34705,30432,30432
21227,Warren,130754,LTC Connect,5000.0,1000.0,19,0,0
21227,Warren,130929,North Central Communications,1000.0,1000.0,15626,0,0
21227,Warren,130929,North Central Telephone Cooperative,1000.0,1000.0,28,0,0
21227,Warren,130982,ZAYO GROUP LLC,1000.0,1000.0,1,0,0
21227,Warren,131216,South Central Rural Telecommunications Cooperative,1000.0,1000.0,4,0,0
21227,Warren,131216,South Central Telcom LLC,1000.0,1000.0,129,0,0
21227,Warren,131413,"Windstream Kentucky East, LLC",255.480572597137,212.3583844580777,1956,903,738
21227,Warren,131425,Verizon,246.1699056652405,18.14351255219341,19399,3601,3601
21227,Warren,270014,BGMU FIBER,25000.0,25000.0,686,0,0
21227,Warren,500048,Stupp Fiber,6000.0,6000.0,6109,0,0
21229,Washington,130077,AT&T,909.2603850050658,902.5174772036474,3948,3227,3227
21229,Washington,130235,Spectrum,1000.0,960.7837342030168,4906,0,0
21229,Washington,130403,T-Mobile,45.40622627182992,8.668185269552012,3951,2361,2361
21229,Washington,131425,Verizon,128.88432580424367,10.524298425735797,1461,996,996
21229,Washington,260025,kywimax,25.0,5.0,4800,4800,4800
21229,Washington,300170,All Points Broadband,10.0,1.0,932,932,932
21229,Washington,400009,Bardstown Connect,512.0,10.0,120,120,0
21231,Wayne,130077,AT&T,19.445124439004488,2.466748266013872,2451,2390,2382
21231,Wayne,130235,Spectrum,1000.0,991.6450216450216,231,0,0
21231,Wayne,130403,T-Mobile,20.343338815789476,3.309621710526316,4864,4336,4336
21231,Wayne,130423,DuoBroadband,1000.0,1000.0,161,0,0
21231,Wayne,130804,Mediacom Xtream,1000.0,50.0,17,0,0
21231,Wayne,131384,Twin Lakes,8000.0,8000.0,2,0,0
21231,Wayne,131413,"Windstream Kentucky East, LLC",830.841223813469,815.1058113386199,16898,8016,7602
21231,Wayne,131425,Verizon,194.74291364535267,14.676334871456822,3034,1233,1233
21231,Wayne,190102,Community Telecom Services,292.1039785208689,150.5247742250427,4097,0,0
21231,Wayne,410115,BROADLINC,43.26067415730337,4.460973782771536,6675,6675,6675
21233,Webster,130077,AT&T,9.088664158043274,0.930620884289746,4252,4249,4249
21233,Webster,130116,W A T C H TV,50.44310843910042,9.787129815185928,4491,2361,2361
21233,Webster,130235,Spectrum,1000.0,35.0,3680,0,0
21233,Webster,130403,T-Mobile,22.420351878269138,4.151212553495007,4206,3438,3438
21233,Webster,430114,Conexon Connect LLC,2000.0,2000.0,187,0,0
21235,Whitley,130077,AT&T,1200.7942597328786,1186.3463105048784,10557,7639,7028
21235,Whitley,130235,Spectrum,1000.0,906.0676603583988,11942,0,0
21235,Whitley,130403,T-Mobile,27.294294964831973,4.97677793904209,8957,7052,7052
21235,Whitley,131413,"Windstream Kentucky East, LLC",440.96774193548384,424.7096774193548,31,21,19
21235,Whitley,131425,Verizon,188.9913716155906,14.646831300208271,3361,1418,1418
21235,Whitley,131611,Highland Telephone Cooperative,1000.0,1000.0,5,0,0
21235,Whitley,160157,Zito Media,1000.0,25.0,1130,0,0
21235,Whitley,360100,Zetalink,200.0,100.0,4174,0,0
21237,Wolfe,130077,AT&T,147.07792207792207,131.9090909090909,77,75,75
21237,Wolfe,130403,T-Mobile,41.32724719101124,7.959269662921348,712,445,445
21237,Wolfe,130865,Mountain Rural Telephone Coop Corp. Inc,2000.0,2000.0,4665,0,0
21239,Woodford,130077,AT&T,46.32927776339633,3.7395806368107687,3863,3789,2564
21239,Woodford,130235,Spectrum,1000.0,999.8171720953452,8013,0,0
21239,Woodford,130403,T-Mobile,23.728901854553037,4.194415503229839,9598,7982,7982
21239,Woodford,130445,FrankfortPlantBoard,428.8702928870293,246.10878661087867,239,182,0
21239,Woodford,131081,Metronet Holdings,7560.0,7560.0,14516,0,0
21239,Woodford,131413,"Windstream Kentucky East, LLC",527.3028720626631,482.5145841104066,13405,4923,4002
21239,Woodford,131425,Verizon,254.8049371831607,17.995150980824334,4537,759,759
21239,Woodford,260025,kywimax,25.0,5.0,12,12,12
21239,Woodford,300170,All Points Broadband,10.0,1.0,1430,1430,1430
21239,Woodford,420067,Kentucky Fi,100.0,100.0,3,0,0
21239,Woodford,510052,MN FWA Buyer,86.66666666666667,83.66666666666667,3,2,2
